Tool,FMR_target,Threshold,FMR,FNMR
DeepFaceFN,0.001,0.8676691803134698,0.001,0.7714
DeepFaceFN,0.01,0.7691515902033413,0.01,0.49860000000000004
DeepFaceFN,0.05,0.6730394584931468,0.05,0.31779999999999997
FaceNetPT,0.001,0.9711611270904541,0.001,0.9166
FaceNetPT,0.01,0.9535182118415833,0.01,0.784
FaceNetPT,0.05,0.931246817111969,0.0502,0.613
OpenCV,0.001,-9183.2626953125,0.001,0.8178
OpenCV,0.01,-12077.1318359375,0.01,0.5962000000000001
OpenCV,0.05,-14452.244140625,0.0504,0.4094
