Tool,FMR_target,Threshold,FMR,FNMR
DeepFaceFN,0.001,0.8823386963134335,0.001,0.8178
DeepFaceFN,0.01,0.7611838969111934,0.01,0.4726
DeepFaceFN,0.05,0.6672550133354631,0.05,0.2974
FaceNetPT,0.001,0.9675201177597046,0.001,0.8904
FaceNetPT,0.01,0.9515392780303955,0.01,0.768
FaceNetPT,0.05,0.930860698223114,0.05,0.6095999999999999
OpenCV,0.001,-9636.173828125,0.001,0.7864
OpenCV,0.01,-11912.6982421875,0.01,0.6124
OpenCV,0.05,-14656.841796875,0.05,0.394
